t,pupil_mm,is_fixation,is_blink,gaze_x,gaze_y
0.0,3.261467227588864,True,False,-0.8382706873791369,-0.21639480642964565
0.016666666666666666,3.5827827620959702,False,False,-1.5962975576910643,2.4089016012808564
0.03333333333333333,3.5888799187833333,True,False,-1.8099799923299522,3.222716379842545
0.05,3.5787425228865075,False,False,-2.5231434928689014,5.495474280529382
0.06666666666666667,3.5526737927540486,False,False,-3.5680989359668702,7.498164612041988
0.08333333333333333,3.1361428659882105,False,False,-2.2029237283199086,7.786137179521351
0.1,3.278473660166396,True,False,-2.356530091708255,10.11538594419678
0.11666666666666667,3.751885131648271,False,False,-2.2703560952302984,8.187669200217083
0.13333333333333333,3.6686252074167713,False,False,-3.1790057679561547,8.1567124138963
0.15,3.5616143364708193,True,False,-4.644981954218326,10.425219013482147
0.16666666666666666,3.236958266799639,True,False,-3.2597319077286255,11.806069855561795
0.18333333333333332,3.3435978044584176,True,False,-1.3647375694256476,10.98420775208421
0.2,3.595943039918339,True,False,-3.0282576199510753,10.284279595064554
0.21666666666666667,3.354015117573979,True,False,-4.484878162681728,10.482033280439776
0.23333333333333334,3.6422209896857307,False,False,-4.245718587118733,7.7158894774874085
0.25,3.595116399179674,False,False,-1.644392197335144,6.494204114356538
0.26666666666666666,3.6943499626527148,False,False,-0.8233101629895324,3.8544407751471
0.2833333333333333,3.5547421129464003,False,False,-1.6306630972199032,3.241319935366298
0.3,3.6117523384920123,False,False,-2.4031493851681507,1.5822973920563035
0.31666666666666665,3.7296884128872443,True,False,-4.436651663073802,2.7543675647541006
0.3333333333333333,3.5374506575221134,False,True,-2.3866280664884623,3.7630410660023346
0.35,3.369339317681865,True,False,-4.0924951141273205,3.7878362373624865
0.36666666666666664,3.4655697945191997,True,False,-3.838524238674489,4.822760908255436
0.38333333333333336,3.673521580320258,True,False,-4.2605529675555145,4.831907645154718
0.4,3.2941543437336063,True,False,-3.4335127260633813,2.8627502691628592
0.4166666666666667,3.1186783175795703,True,False,-3.695959284176568,3.08356681657383
0.43333333333333335,3.504467208425657,True,False,-2.1975359750908954,1.6066814073590914
0.45,3.297479871654051,True,False,-1.772213590653711,0.268037279443885
0.4666666666666667,3.273518752331732,False,False,-2.655198954527898,-1.551730840255918
0.48333333333333334,3.1739135734388264,False,False,-0.43791880876769307,-3.0514979547117624
0.5,3.446841468869961,False,False,0.7755570054188214,0.1757256933965623
0.5166666666666667,3.704405041085505,True,False,1.641431935095229,-0.6915586527028871
0.5333333333333333,3.5378610615908466,True,False,-0.3281740646942939,-0.9288665728338018
0.55,3.322594402862818,True,False,0.2735263083354603,-1.7775312771113627
0.5666666666666667,3.371516075845817,True,False,0.4683678756183719,-2.56503154282384
0.5833333333333334,3.0431791280389984,False,False,1.440231521376917,-4.560673418147095
0.6,3.5014531191241915,True,False,0.6816859140532459,-4.434289184023943
0.6166666666666667,3.6175707439231903,True,False,0.949198319234337,-3.0371755091864636
0.6333333333333333,3.256036556769361,False,False,1.642743907460567,-0.7145472516978475
0.65,3.453976155940907,True,False,0.2838399592708354,-3.791911445583153
0.6666666666666666,3.096167827470306,True,False,-0.4743801757659858,-2.8275789886906955
0.6833333333333333,3.5508369745355717,True,False,0.22988110352750468,-2.238248753102984
0.7,3.68824304289986,True,False,0.7361262086915179,-1.6409177112267614
0.7166666666666667,3.415368042513498,False,False,0.9604563900667311,-1.9792965485049927
0.7333333333333333,3.4903532380378905,False,False,1.1982993324729585,-3.7758143415964587
0.75,3.447420773057952,True,False,1.4877417685930643,-4.466444468119955
0.7666666666666667,3.549942706734761,True,False,1.8317007969253987,-4.838734247514517
0.7833333333333333,3.759070685208838,False,False,0.8645955730942014,-5.8702834403083095
0.8,3.382314321675547,False,False,1.675015128891071,-7.206862805731456
0.8166666666666667,3.5911007942353264,True,False,0.3888987945146203,-6.513347863582665
0.8333333333333334,3.2565084844100194,False,False,-0.6608226142526186,-7.26250772277019
0.85,3.389696246079796,False,False,1.6173714230025147,-3.6541088890767686
0.8666666666666667,3.364533892453707,True,False,1.7517417237329163,-4.750368077754065
0.8833333333333333,3.4186489129570976,True,False,3.0713550181193456,-5.90571862255041
0.9,3.5751012368359354,True,True,2.693933401645598,-5.02563317332024
0.9166666666666666,3.31194623213436,True,False,2.79992263565879,-7.084882941452754
0.9333333333333333,3.4186220609696223,False,False,0.9449186995910195,-6.815185404469253
0.95,3.3214654257008753,True,False,3.072981204689782,-8.111656653790504
0.9666666666666667,3.2769068212145696,True,False,3.542969545037956,-9.181385697965053
0.9833333333333333,3.645937022720167,True,True,2.4721248940076004,-9.733095512657929
1.0,3.7392808073866752,True,False,3.5146475539280333,-7.171799254451542
1.0166666666666666,3.5024118502368182,True,False,2.090127405293736,-8.045635811195641
1.0333333333333334,3.5525459461221582,True,False,-0.5420300532722901,-8.081384869439285
1.05,3.4909812595511474,True,False,-3.566244711606816,-7.960738666327811
1.0666666666666667,3.507276339774351,True,False,-1.7262904775645702,-8.431810671691467
1.0833333333333333,3.3613980324660746,True,False,-2.9842690384171346,-8.257174909611315
1.1,3.3754223694151038,False,False,-2.062418126428244,-10.995294502874465
1.1166666666666667,3.334195594385281,False,False,-0.2098751801359957,-9.37244053736013
1.1333333333333333,3.2762560268865015,True,False,-0.5384339110830731,-9.591011435902434
1.15,3.303498824572314,False,False,-0.532696167225418,-9.268092165937253
1.1666666666666667,3.4734840877987923,True,False,1.4924072127224592,-9.250835223334668
1.1833333333333333,3.474879002219186,False,False,1.6609481640523285,-9.454553304693341
1.2,3.2982693772568603,True,False,2.080552100703305,-9.793952799038001
1.2166666666666666,3.506083958473767,False,False,3.468008822364899,-9.074491779813746
1.2333333333333334,3.807397056572605,True,True,2.5435618416827213,-8.257909382548528
1.25,3.4658250741534187,True,False,3.825126980654963,-7.977743485922986
1.2666666666666666,3.4419223804911763,True,False,4.739686463959733,-6.08766800695666
1.2833333333333334,3.4879354353092817,True,False,4.3778672117349835,-7.381569676721775
1.3,3.36819063149506,True,False,3.5995640946791285,-8.075408332523308
1.3166666666666667,3.5677531480037565,True,False,6.14067822273978,-7.709940251476098
1.3333333333333333,3.671963129648549,False,False,7.022414425373329,-6.607271720548994
1.35,3.4842247813067515,False,False,7.871342185391425,-7.929001332786527
1.3666666666666667,3.5649496046703075,True,False,9.327603439508401,-9.310230506720917
1.3833333333333333,3.333242358395517,True,False,11.029952174480936,-6.139893421819474
1.4,3.41091552133148,True,False,12.364335045741555,-5.535771593100608
1.4166666666666667,3.509201078523801,True,False,11.23925243595414,-5.1878869989242355
1.4333333333333333,3.711910506299915,True,False,11.804497975622851,-6.249089214409681
1.45,3.2834342306733313,True,False,11.943851018025445,-8.030324083856403
1.4666666666666666,3.2651350982189142,True,False,14.751458675292632,-8.83192902080592
1.4833333333333334,3.554556470992047,True,False,16.157656689330636,-10.3592489921911
1.5,3.481106191694794,True,False,16.156222917698614,-10.7963971177149
1.5166666666666666,3.463012171834435,False,False,15.410877161175234,-9.25571176942247
1.5333333333333334,3.516877993999275,False,False,14.996072185139303,-10.608636524081685
1.55,3.533842173161301,True,False,15.304708430471896,-11.036882909990464
1.5666666666666667,3.517342196718269,False,False,17.064235170629658,-10.539546930148393
1.5833333333333333,3.58282624275295,True,False,15.692442835242968,-9.21984404309816
1.6,3.482510495338712,True,False,16.53012455447126,-9.731910786775408
1.6166666666666667,3.7477334075917494,True,False,16.794057164315856,-7.08874711549257
1.6333333333333333,3.255113601486485,False,False,18.889563391569887,-4.880300128771836
1.65,3.3795818829024764,True,True,19.268536003870484,-5.973086821497276
1.6666666666666667,3.5256229842377818,True,False,20.650794414141682,-6.125069385085638
1.6833333333333333,3.394881165773608,True,False,21.58105541357833,-7.761706218446165
1.7,3.739087675935842,True,False,23.763668365314125,-8.445728069958507
1.7166666666666666,3.4155774615120196,True,False,23.677681168926327,-5.974338716286775
1.7333333333333334,3.539367100042653,True,False,23.68418054897456,-4.129362407879886
1.75,3.519884211534934,True,False,24.46050241680879,-3.944652536021908
1.7666666666666666,3.320364441545403,False,False,24.71491947588393,-4.676380489618554
1.7833333333333334,3.6421469955491332,True,False,25.832034504080067,-4.117801319161377
1.8,3.6600039849693595,True,False,25.552885378208096,-3.672096995849133
1.8166666666666667,3.6373329736331126,False,False,27.203294126220193,-3.2979055922710696
1.8333333333333333,3.6210338382946454,True,False,25.81528204436881,-2.9399109515802
1.85,3.638517941122894,False,False,26.367233562515384,-3.2722491192879546
1.8666666666666667,3.533184355016084,False,False,25.940156052465515,-2.9628182574618442
1.8833333333333333,3.6445496432749818,False,False,26.15404997778472,-3.993080248210127
1.9,3.541229237109399,True,False,25.785592310123207,-2.6091585158195887
1.9166666666666667,3.4817950673696263,False,False,27.300771885336097,-4.806926047070701
1.9333333333333333,3.3925129038832047,True,False,29.141473788365822,-4.393663270681304
1.95,3.493315322103132,True,False,29.838272794927352,-5.219135970314198
1.9666666666666666,3.4786913564943407,True,False,28.21508230411532,-6.238511901283021
1.9833333333333334,3.5320740375230595,True,False,27.07313846372035,-5.09179214217296
2.0,3.735842767687341,False,False,26.586088784012407,-4.755909369585987
2.0166666666666666,3.4804169406242447,True,False,25.151900592966573,-8.141387130748425
2.033333333333333,3.6458091223716895,True,False,24.97586747554811,-7.495647816550875
2.05,3.892160875632917,True,False,24.421580023170314,-7.6935548473840845
2.066666666666667,3.3701244310119503,True,False,24.38317966492331,-6.973605655363696
2.0833333333333335,3.343964533554621,False,False,25.05463637766447,-8.474720002765862
2.1,3.6956964718305674,True,False,24.471701456378486,-9.8189130267817
2.1166666666666667,3.467522021181135,False,False,23.228360821387003,-9.667579187426831
2.1333333333333333,3.411588145635126,True,False,25.221674532031937,-10.171158054943534
2.15,3.274978427986692,True,False,25.240393732316466,-10.121182680372376
2.1666666666666665,3.332427391801705,True,False,24.116055951348386,-9.713633516359469
2.183333333333333,3.391378014517396,True,False,23.36160781910639,-8.494196200618816
2.2,3.434564486454277,False,False,22.057691073458432,-9.72801882519794
2.216666666666667,3.360740360210252,True,False,22.944935782362624,-8.773440444157448
2.2333333333333334,3.6559224295434487,False,False,24.31655923675927,-9.33618959463516
2.25,3.71993725287887,False,False,25.06812459211078,-10.196089484735566
2.2666666666666666,3.7272261108677593,True,False,26.900212729035577,-11.956988472020074
2.283333333333333,3.568832577141683,True,False,26.173278113374014,-12.823286352004812
2.3,3.5107652810812873,False,False,27.550149237867956,-14.318049256548646
2.316666666666667,3.5236848032184866,True,False,25.85471759580784,-16.338180101733666
2.3333333333333335,3.4427614744595694,False,False,26.25548621188313,-14.171315043503611
2.35,3.328731201629186,True,False,25.807480622943807,-15.180883037965497
2.3666666666666667,3.8711919693213686,False,False,24.45901254052782,-14.019440672016508
2.3833333333333333,3.5243785215245604,False,False,25.342786511042167,-15.036133755632399
2.4,3.5393648357835654,True,False,24.836927964460962,-14.61406587552289
2.4166666666666665,3.5207225095408483,False,False,24.19473516333227,-15.685814546820847
2.433333333333333,3.620147042293232,False,False,24.99837935251691,-16.035250300482996
2.45,3.5725816851775485,True,False,27.17163068590378,-14.179557474472329
2.466666666666667,3.489233727593552,True,False,28.125488125282832,-16.50904599929421
2.4833333333333334,3.390396738013387,False,False,28.374367331265397,-17.517848509935465
2.5,3.613644182200021,True,False,28.05876043504456,-19.338301555820316
2.5166666666666666,3.6581688855250714,True,False,29.69265584039526,-20.43118367819357
2.533333333333333,3.339992488021459,True,False,31.95982679711596,-22.63563596438471
2.55,3.419999071568469,True,False,31.24296021413237,-20.326567058055147
2.566666666666667,3.723493480846991,True,False,31.577991964157583,-19.970497673625665
2.5833333333333335,3.394145795183519,True,False,32.82996010542613,-23.25585484600074
2.6,3.378412031880121,True,False,32.539238289595886,-24.251765050613546
2.6166666666666667,3.5478367350675812,True,False,29.404401379760778,-23.51628726156817
2.6333333333333333,3.600881991987534,True,False,27.2210343275418,-22.132877284888906
2.65,3.7485171207001744,True,False,27.71655107272122,-23.871456938566
2.6666666666666665,3.350992629934232,False,False,25.88333628645426,-24.196850736226185
2.683333333333333,3.5289667443607344,True,False,24.719683078607705,-24.71103242674921
2.7,3.5435183858874013,False,False,25.61025481023087,-25.59231077359208
2.716666666666667,3.320730639611389,True,False,24.142151401719214,-22.349447362698513
2.7333333333333334,3.8000758190265884,True,False,23.380689334599474,-24.55748249451307
2.75,3.750549131733667,True,False,23.928393018990075,-21.48531240548262
2.7666666666666666,3.3158814056096513,True,False,22.2126821402218,-23.10877305041528
2.783333333333333,3.1684438419221763,True,False,19.762887231117507,-21.576105744160593
2.8,3.50375223630324,True,False,20.117604017525025,-20.06771750927267
2.816666666666667,3.3299144936293534,True,False,21.342897591901668,-18.42439913175874
2.8333333333333335,3.425417286068518,True,False,16.122154456188916,-17.746892703650694
2.85,3.360696768800194,False,False,17.597486497177,-19.4880372157027
2.8666666666666667,3.6198899318991904,True,False,17.901259411319106,-21.161026780031
2.8833333333333333,3.488662191141804,True,False,18.245628287281285,-19.842248895759276
2.9,3.423114057936834,True,False,18.571011161148856,-20.463164154419207
2.9166666666666665,3.4963679030836143,False,False,17.115475630877548,-19.13503943931431
2.933333333333333,3.454016453703839,False,False,18.93862726244904,-20.16970695712779
2.95,3.488406357047792,True,False,17.86123442761937,-20.005100805555553
2.966666666666667,3.4211379013293395,True,False,16.069765040380407,-18.39938557438018
2.9833333333333334,3.4293143917977438,False,False,17.500961066548886,-19.842580851015374
3.0,3.492258540562904,True,True,14.831600597490032,-20.984129254702925
3.0166666666666666,3.286222064906178,True,False,13.925401433697882,-19.23628019018409
3.033333333333333,3.326411835842125,False,True,13.427352828763864,-19.2646238868401
3.05,3.561587358337462,True,False,16.338109357823946,-19.294139831640642
3.066666666666667,3.4592966106021708,True,False,14.780190986352777,-19.59864085363794
3.0833333333333335,3.301637092880875,True,False,15.286025597131992,-16.98673549596172
3.1,3.246918911100493,False,False,13.878611882623662,-18.19818584470771
3.1166666666666667,3.514900370982383,True,False,11.836111366676192,-17.713407846131748
3.1333333333333333,3.2326361680278164,True,False,13.514359171240498,-17.64767679170646
3.15,3.2185862342129123,True,False,15.90410901773258,-16.819707279967062
3.1666666666666665,3.41966896926065,True,False,16.37143941896734,-17.48605628557677
3.183333333333333,3.5521686036279387,True,False,15.468475173928919,-18.404314755208606
3.2,3.319502931689953,True,False,16.432996387620456,-18.54894484800565
3.216666666666667,3.2565087965899386,True,False,14.40824779579049,-19.693058363657382
3.2333333333333334,3.788620832466557,False,False,15.979209156142963,-22.36097576934372
3.25,3.749177529353764,True,False,16.475666409720812,-23.325867820739134
3.2666666666666666,3.5359701945290625,False,False,16.864097798265856,-23.53725500830905
3.283333333333333,3.4275130371444815,False,False,16.301012406699297,-23.369953410765973
3.3,3.5567632154493953,True,False,17.654421407178305,-24.347207933134708
3.316666666666667,3.6284736568776195,True,False,17.37681454045141,-22.992881818403028
3.3333333333333335,3.3800353999716752,True,False,18.523732348003964,-21.52493997981827
3.35,3.423288434152755,True,False,17.04305693821442,-23.338255604986035
3.3666666666666667,3.5229497955225617,False,False,16.853190088095314,-22.06633879395358
3.3833333333333333,3.5913778939273198,True,False,17.490461292267433,-22.436531844090574
3.4,3.78186358388068,False,True,17.568571041921246,-22.559525147204308
3.4166666666666665,3.466992642104503,False,False,16.849405944025403,-23.481437212779262
3.433333333333333,3.383451574423461,True,False,15.888830856768864,-23.51609139386871
3.45,3.6463424895597787,False,False,15.710993646458254,-25.1074626623928
3.466666666666667,3.632854626534515,True,False,17.91343545024779,-26.633062167946186
3.4833333333333334,3.4302397489305947,False,False,17.023600095989266,-25.23165687858412
3.5,3.694278055147024,True,False,17.48954816459954,-23.204373543973748
3.5166666666666666,3.654866265843666,False,False,16.662242075346857,-22.050026975349766
3.533333333333333,3.3970623546702376,False,False,16.320409793048704,-22.21548744289048
3.55,3.6434847091974434,False,False,19.255698130332483,-24.269763617761548
3.566666666666667,3.3018437438640182,True,False,19.239720567456537,-25.078267937979707
3.5833333333333335,3.4206396552880554,True,False,18.04295652210735,-22.057903431153413
3.6,3.7209980800915083,False,False,18.869082099698915,-21.845750238145673
3.6166666666666667,3.5188065986433337,True,False,19.491517863375186,-22.515194242110695
3.6333333333333333,3.548953820505776,False,False,20.320545477514262,-24.041503180910578
3.65,3.170172384522908,False,False,20.837197182481617,-25.365918783264284
3.6666666666666665,3.350515466202004,True,False,20.364284804048133,-24.090108987744255
3.683333333333333,3.411812412599341,True,False,18.6560794070675,-24.501621149587702
3.7,3.192533054885648,True,False,18.749963966309842,-24.02106039476405
3.716666666666667,3.307641326948292,False,False,17.31114739122384,-25.890271038568574
3.7333333333333334,3.5806494443245183,True,False,16.288804500659637,-26.4522053201355
3.75,3.4016786517151907,True,False,17.775893064073454,-24.892490366577352
3.7666666666666666,3.473216973408127,True,False,18.18399429539164,-24.19914942097502
3.783333333333333,3.539964659890258,True,False,19.508741826139897,-23.46942873736199
3.8,3.6809976137721194,True,False,19.74936634102959,-24.13859123526079
3.816666666666667,3.644079138171053,True,False,18.27846568760304,-24.015781994235546
3.8333333333333335,3.6885482990021745,True,False,17.67239473894764,-25.444918163615142
3.85,3.709213602924375,True,False,18.22865433082938,-25.16940420451316
3.8666666666666667,3.336177226094316,True,False,16.747945976850666,-26.18278484845124
3.8833333333333333,3.3120931453829074,False,False,15.854028214062572,-27.160687603073544
3.9,3.4351394622345506,True,False,14.539043546740006,-27.847030545784506
3.9166666666666665,3.386733238540783,True,False,14.555431783238218,-29.944252943355202
3.933333333333333,3.369831347373925,False,False,15.387994455395804,-28.20333959604146
3.95,3.5681953662276866,True,False,15.269532362834372,-27.29438565937747
3.966666666666667,3.416203282562186,True,False,14.093198483135852,-27.423245870604582
3.9833333333333334,3.6953292431759617,False,False,15.20595142983981,-26.27811767429099
